ticker,market,name,source,added_date
2330.TW,TW,台積電,tw50_moneydj_0050_20260531,2011-06-13
2454.TW,TW,聯發科,tw50_moneydj_0050_20260531,2011-06-13
2308.TW,TW,台達電,tw50_moneydj_0050_20260531,2011-06-13
2317.TW,TW,鴻海,tw50_moneydj_0050_20260531,2011-06-13
3711.TW,TW,日月光投控,tw50_moneydj_0050_20260531,2011-06-13
2303.TW,TW,聯電,tw50_moneydj_0050_20260531,2011-06-13
2383.TW,TW,台光電,tw50_moneydj_0050_20260531,2011-06-13
3037.TW,TW,欣興,tw50_moneydj_0050_20260531,2011-06-13
2345.TW,TW,智邦,tw50_moneydj_0050_20260531,2011-06-13
2327.TW,TW,國巨,tw50_moneydj_0050_20260531,2011-06-13
2891.TW,TW,中信金,tw50_moneydj_0050_20260531,2011-06-13
2360.TW,TW,致茂,tw50_moneydj_0050_20260531,2011-06-13
2881.TW,TW,富邦金,tw50_moneydj_0050_20260531,2011-06-13
2382.TW,TW,廣達,tw50_moneydj_0050_20260531,2011-06-13
3017.TW,TW,奇鋐,tw50_moneydj_0050_20260531,2011-06-13
2882.TW,TW,國泰金,tw50_moneydj_0050_20260531,2011-06-13
2885.TW,TW,元大金,tw50_moneydj_0050_20260531,2011-06-13
6669.TW,TW,緯穎,tw50_moneydj_0050_20260531,2017-11-13
2887.TW,TW,台新新光金,tw50_moneydj_0050_20260531,2011-06-13
2412.TW,TW,中華電,tw50_moneydj_0050_20260531,2011-06-13
2357.TW,TW,華碩,tw50_moneydj_0050_20260531,2011-06-13
2344.TW,TW,華邦電,tw50_moneydj_0050_20260531,2011-06-13
1303.TW,TW,南亞,tw50_moneydj_0050_20260531,2011-06-13
3231.TW,TW,緯創,tw50_moneydj_0050_20260531,2011-06-13
7769.TW,TW,鴻勁,tw50_moneydj_0050_20260531,2024-11-01
2886.TW,TW,兆豐金,tw50_moneydj_0050_20260531,2011-06-13
2884.TW,TW,玉山金,tw50_moneydj_0050_20260531,2011-06-13
2301.TW,TW,光寶科,tw50_moneydj_0050_20260531,2011-06-13
2368.TW,TW,金像電,tw50_moneydj_0050_20260531,2011-06-13
2408.TW,TW,南亞科,tw50_moneydj_0050_20260531,2011-06-13
2890.TW,TW,永豐金,tw50_moneydj_0050_20260531,2011-06-13
2883.TW,TW,凱基金,tw50_moneydj_0050_20260531,2011-06-13
2449.TW,TW,京元電子,tw50_moneydj_0050_20260531,2011-06-13
1216.TW,TW,統一,tw50_moneydj_0050_20260531,2011-06-13
3661.TW,TW,世芯-KY,tw50_moneydj_0050_20260531,2012-10-05
3008.TW,TW,大立光,tw50_moneydj_0050_20260531,2011-06-13
2892.TW,TW,第一金,tw50_moneydj_0050_20260531,2011-06-13
3653.TW,TW,健策,tw50_moneydj_0050_20260531,2011-06-13
2059.TW,TW,川湖,tw50_moneydj_0050_20260531,2011-06-13
2880.TW,TW,華南金,tw50_moneydj_0050_20260531,2011-06-13
5880.TW,TW,合庫金,tw50_moneydj_0050_20260531,2011-06-13
2603.TW,TW,長榮,tw50_moneydj_0050_20260531,2011-06-13
2395.TW,TW,研華,tw50_moneydj_0050_20260531,2011-06-13
2002.TW,TW,中鋼,tw50_moneydj_0050_20260531,2011-06-13
1301.TW,TW,台塑,tw50_moneydj_0050_20260531,2011-06-13
4904.TW,TW,遠傳,tw50_moneydj_0050_20260531,2011-06-13
3045.TW,TW,台灣大,tw50_moneydj_0050_20260531,2011-06-13
2207.TW,TW,和泰車,tw50_moneydj_0050_20260531,2011-06-13
6919.TW,TW,康霈,tw50_moneydj_0050_20260531,2022-12-26
6505.TW,TW,台塑化,tw50_moneydj_0050_20260531,2011-06-13
3443.TW,TW,創意,tw100_moneydj_0051_20260531,2011-06-13
4958.TW,TW,臻鼎-KY,tw100_moneydj_0051_20260531,2011-12-26
3481.TW,TW,群創,tw100_moneydj_0051_20260531,2011-06-13
3665.TW,TW,貿聯-KY,tw100_moneydj_0051_20260531,2011-06-13
2337.TW,TW,旺宏,tw100_moneydj_0051_20260531,2011-06-13
6770.TW,TW,力積電,tw100_moneydj_0051_20260531,2020-12-09
2313.TW,TW,華通,tw100_moneydj_0051_20260531,2011-06-13
2379.TW,TW,瑞昱,tw100_moneydj_0051_20260531,2011-06-13
3034.TW,TW,聯詠,tw100_moneydj_0051_20260531,2011-06-13
6446.TW,TW,藥華藥,tw100_moneydj_0051_20260531,2014-03-11
6239.TW,TW,力成,tw100_moneydj_0051_20260531,2011-06-13
3036.TW,TW,文曄,tw100_moneydj_0051_20260531,2011-06-13
3189.TW,TW,景碩,tw100_moneydj_0051_20260531,2011-06-13
3044.TW,TW,健鼎,tw100_moneydj_0051_20260531,2011-06-13
3533.TW,TW,嘉澤,tw100_moneydj_0051_20260531,2011-06-13
6515.TW,TW,穎崴,tw100_moneydj_0051_20260531,2019-11-19
2376.TW,TW,技嘉,tw100_moneydj_0051_20260531,2011-06-13
6415.TW,TW,矽力-KY,tw100_moneydj_0051_20260531,2013-12-12
1590.TW,TW,亞德客-KY,tw100_moneydj_0051_20260531,2011-06-13
2404.TW,TW,漢唐,tw100_moneydj_0051_20260531,2011-06-13
2356.TW,TW,英業達,tw100_moneydj_0051_20260531,2011-06-13
8046.TW,TW,南電,tw100_moneydj_0051_20260531,2011-06-13
3702.TW,TW,大聯大,tw100_moneydj_0051_20260531,2011-06-13
4938.TW,TW,和碩,tw100_moneydj_0051_20260531,2011-06-13
1326.TW,TW,台化,tw100_moneydj_0051_20260531,2011-06-13
5871.TW,TW,中租-KY,tw100_moneydj_0051_20260531,2011-12-13
1101.TW,TW,台泥,tw100_moneydj_0051_20260531,2011-06-13
2324.TW,TW,仁寶,tw100_moneydj_0051_20260531,2011-06-13
5876.TW,TW,上海商銀,tw100_moneydj_0051_20260531,2014-09-25
2801.TW,TW,彰銀,tw100_moneydj_0051_20260531,2011-06-13
2409.TW,TW,友達,tw100_moneydj_0051_20260531,2011-06-13
1519.TW,TW,華城,tw100_moneydj_0051_20260531,2011-06-13
6139.TW,TW,亞翔,tw100_moneydj_0051_20260531,2011-06-13
6531.TW,TW,愛普,tw100_moneydj_0051_20260531,2015-06-12
1605.TW,TW,華新,tw100_moneydj_0051_20260531,2011-06-13
2049.TW,TW,上銀,tw100_moneydj_0051_20260531,2011-06-13
2834.TW,TW,臺企銀,tw100_moneydj_0051_20260531,2011-06-13
2615.TW,TW,萬海,tw100_moneydj_0051_20260531,2011-06-13
2912.TW,TW,統一超,tw100_moneydj_0051_20260531,2011-06-13
6285.TW,TW,啟碁,tw100_moneydj_0051_20260531,2011-06-13
2347.TW,TW,聯強,tw100_moneydj_0051_20260531,2011-06-13
1504.TW,TW,東元,tw100_moneydj_0051_20260531,2011-06-13
2353.TW,TW,宏碁,tw100_moneydj_0051_20260531,2011-06-13
6805.TW,TW,富世達,tw100_moneydj_0051_20260531,2020-11-20
2618.TW,TW,長榮航,tw100_moneydj_0051_20260531,2011-06-13
2474.TW,TW,可成,tw100_moneydj_0051_20260531,2011-06-13
6442.TW,TW,光聖,tw100_moneydj_0051_20260531,2014-03-17
7750.TW,TW,新代,tw100_moneydj_0051_20260531,2024-06-18
2609.TW,TW,陽明,tw100_moneydj_0051_20260531,2011-06-13
2377.TW,TW,微星,tw100_moneydj_0051_20260531,2011-06-13
8210.TW,TW,勤誠,tw100_moneydj_0051_20260531,2011-06-13
8996.TW,TW,高力,tw100_moneydj_0051_20260531,2011-06-13
2027.TW,TW,大成鋼,tw100_moneydj_0051_20260531,2011-06-13
3706.TW,TW,神達,tw100_moneydj_0051_20260531,2011-06-13
2385.TW,TW,群光,tw100_moneydj_0051_20260531,2011-06-13
1102.TW,TW,亞泥,tw100_moneydj_0051_20260531,2011-06-13
1402.TW,TW,遠東新,tw100_moneydj_0051_20260531,2011-06-13
5434.TW,TW,崇越,tw100_moneydj_0051_20260531,2011-06-13
1802.TW,TW,台玻,tw100_moneydj_0051_20260531,2011-06-13
3023.TW,TW,信邦,tw100_moneydj_0051_20260531,2011-06-13
2812.TW,TW,台中銀,tw100_moneydj_0051_20260531,2011-06-13
1513.TW,TW,中興電,tw100_moneydj_0051_20260531,2011-06-13
1476.TW,TW,儒鴻,tw100_moneydj_0051_20260531,2011-06-13
2451.TW,TW,創見,tw100_moneydj_0051_20260531,2011-06-13
2354.TW,TW,鴻準,tw100_moneydj_0051_20260531,2011-06-13
2105.TW,TW,正新,tw100_moneydj_0051_20260531,2011-06-13
2542.TW,TW,興富發,tw100_moneydj_0051_20260531,2011-06-13
9904.TW,TW,寶成,tw100_moneydj_0051_20260531,2011-06-13
5269.TW,TW,祥碩,tw100_moneydj_0051_20260531,2012-10-03
1503.TW,TW,士電,tw100_moneydj_0051_20260531,2011-06-13
2610.TW,TW,華航,tw100_moneydj_0051_20260531,2011-06-13
6789.TW,TW,采鈺,tw100_moneydj_0051_20260531,2021-04-07
8464.TW,TW,億豐,tw100_moneydj_0051_20260531,2011-06-13
2633.TW,TW,台灣高鐵,tw100_moneydj_0051_20260531,2011-06-13
1477.TW,TW,聚陽,tw100_moneydj_0051_20260531,2011-06-13
6409.TW,TW,旭隼,tw100_moneydj_0051_20260531,2013-03-12
6176.TW,TW,瑞儀,tw100_moneydj_0051_20260531,2011-06-13
3005.TW,TW,神基,tw100_moneydj_0051_20260531,2011-06-13
1229.TW,TW,聯華,tw100_moneydj_0051_20260531,2011-06-13
6781.TW,TW,AES-KY,tw100_moneydj_0051_20260531,2021-03-22
9945.TW,TW,潤泰新,tw100_moneydj_0051_20260531,2011-06-13
1319.TW,TW,東陽,tw100_moneydj_0051_20260531,2011-06-13
2371.TW,TW,大同,tw100_moneydj_0051_20260531,2011-06-13
2006.TW,TW,東和鋼鐵,tw100_moneydj_0051_20260531,2011-06-13
9910.TW,TW,豐泰,tw100_moneydj_0051_20260531,2011-06-13
2845.TW,TW,遠東銀,tw100_moneydj_0051_20260531,2011-06-13
2915.TW,TW,潤泰全,tw100_moneydj_0051_20260531,2011-06-13
6191.TW,TW,精成科,tw100_moneydj_0051_20260531,2011-06-13
2646.TW,TW,星宇航空,tw100_moneydj_0051_20260531,2022-09-30
1795.TW,TW,美時,tw100_moneydj_0051_20260531,2011-06-13
6526.TW,TW,達發,tw100_moneydj_0051_20260531,2015-07-08
6472.TW,TW,保瑞,tw100_moneydj_0051_20260531,2014-10-03
7799.TW,TW,禾榮科,tw100_moneydj_0051_20260531,2025-09-15
8454.TW,TW,富邦媒,tw100_moneydj_0051_20260531,2014-02-27
2838.TW,TW,聯邦銀,tw100_moneydj_0051_20260531,2011-06-13
2645.TW,TW,長榮航太,tw100_moneydj_0051_20260531,2022-02-18
2539.TW,TW,櫻花建,tw100_moneydj_0051_20260531,2011-06-13
4583.TW,TW,台灣精銳,tw100_moneydj_0051_20260531,2020-12-01
6890.TW,TW,來億-KY,tw100_moneydj_0051_20260531,2024-06-12
2258.TW,TW,鴻華先進-創,tw100_moneydj_0051_20260531,2024-01-05
MMM,US,3M,sp500_wikipedia_20260612,2011-06-13
AOS,US,A. O. Smith,sp500_wikipedia_20260612,2011-06-13
ABT,US,Abbott Laboratories,sp500_wikipedia_20260612,2011-06-13
ABBV,US,AbbVie,sp500_wikipedia_20260612,2013-01-02
ACN,US,Accenture,sp500_wikipedia_20260612,2011-06-13
ADBE,US,Adobe Inc.,sp500_wikipedia_20260612,2011-06-13
AMD,US,Advanced Micro Devices,sp500_wikipedia_20260612,2011-06-13
AES,US,AES Corporation,sp500_wikipedia_20260612,2011-06-13
AFL,US,Aflac,sp500_wikipedia_20260612,2011-06-13
A,US,Agilent Technologies,sp500_wikipedia_20260612,2011-06-13
APD,US,Air Products,sp500_wikipedia_20260612,2011-06-13
ABNB,US,Airbnb,sp500_wikipedia_20260612,2020-12-10
AKAM,US,Akamai Technologies,sp500_wikipedia_20260612,2011-06-13
ALB,US,Albemarle Corporation,sp500_wikipedia_20260612,2011-06-13
ARE,US,Alexandria Real Estate Equities,sp500_wikipedia_20260612,2011-06-13
ALGN,US,Align Technology,sp500_wikipedia_20260612,2011-06-13
ALLE,US,Allegion,sp500_wikipedia_20260612,2013-11-18
LNT,US,Alliant Energy,sp500_wikipedia_20260612,2011-06-13
ALL,US,Allstate,sp500_wikipedia_20260612,2011-06-13
GOOGL,US,Alphabet Inc. (Class A),sp500_wikipedia_20260612,2011-06-13
GOOG,US,Alphabet Inc. (Class C),sp500_wikipedia_20260612,2011-06-13
MO,US,Altria,sp500_wikipedia_20260612,2011-06-13
AMZN,US,Amazon,sp500_wikipedia_20260612,2011-06-13
AMCR,US,Amcor,sp500_wikipedia_20260612,2012-05-15
AEE,US,Ameren,sp500_wikipedia_20260612,2011-06-13
AEP,US,American Electric Power,sp500_wikipedia_20260612,2011-06-13
AXP,US,American Express,sp500_wikipedia_20260612,2011-06-13
AIG,US,American International Group,sp500_wikipedia_20260612,2011-06-13
AMT,US,American Tower,sp500_wikipedia_20260612,2011-06-13
AWK,US,American Water Works,sp500_wikipedia_20260612,2011-06-13
AMP,US,Ameriprise Financial,sp500_wikipedia_20260612,2011-06-13
AME,US,Ametek,sp500_wikipedia_20260612,2011-06-13
AMGN,US,Amgen,sp500_wikipedia_20260612,2011-06-13
APH,US,Amphenol,sp500_wikipedia_20260612,2011-06-13
ADI,US,Analog Devices,sp500_wikipedia_20260612,2011-06-13
AON,US,Aon plc,sp500_wikipedia_20260612,2011-06-13
APA,US,APA Corporation,sp500_wikipedia_20260612,2011-06-13
APO,US,Apollo Global Management,sp500_wikipedia_20260612,2011-06-13
AAPL,US,Apple Inc.,sp500_wikipedia_20260612,2011-06-13
AMAT,US,Applied Materials,sp500_wikipedia_20260612,2011-06-13
APP,US,AppLovin,sp500_wikipedia_20260612,2021-04-15
APTV,US,Aptiv,sp500_wikipedia_20260612,2011-11-17
ACGL,US,Arch Capital Group,sp500_wikipedia_20260612,2011-06-13
ADM,US,Archer Daniels Midland,sp500_wikipedia_20260612,2011-06-13
ARES,US,Ares Management,sp500_wikipedia_20260612,2014-05-02
ANET,US,Arista Networks,sp500_wikipedia_20260612,2014-06-06
AJG,US,Arthur J. Gallagher & Co.,sp500_wikipedia_20260612,2011-06-13
AIZ,US,Assurant,sp500_wikipedia_20260612,2011-06-13
T,US,AT&T,sp500_wikipedia_20260612,2011-06-13
ATO,US,Atmos Energy,sp500_wikipedia_20260612,2011-06-13
ADSK,US,Autodesk,sp500_wikipedia_20260612,2011-06-13
ADP,US,Automatic Data Processing,sp500_wikipedia_20260612,2011-06-13
AZO,US,AutoZone,sp500_wikipedia_20260612,2011-06-13
AVB,US,AvalonBay Communities,sp500_wikipedia_20260612,2011-06-13
AVY,US,Avery Dennison,sp500_wikipedia_20260612,2011-06-13
AXON,US,Axon Enterprise,sp500_wikipedia_20260612,2011-06-13
BKR,US,Baker Hughes,sp500_wikipedia_20260612,2011-06-13
BALL,US,Ball Corporation,sp500_wikipedia_20260612,2011-06-13
BAC,US,Bank of America,sp500_wikipedia_20260612,2011-06-13
BAX,US,Baxter International,sp500_wikipedia_20260612,2011-06-13
BDX,US,Becton Dickinson,sp500_wikipedia_20260612,2011-06-13
BRK-B,US,Berkshire Hathaway,sp500_wikipedia_20260612,2011-06-13
BBY,US,Best Buy,sp500_wikipedia_20260612,2011-06-13
TECH,US,Bio-Techne,sp500_wikipedia_20260612,2011-06-13
BIIB,US,Biogen,sp500_wikipedia_20260612,2011-06-13
BLK,US,BlackRock,sp500_wikipedia_20260612,2011-06-13
BX,US,Blackstone Inc.,sp500_wikipedia_20260612,2011-06-13
XYZ,US,"Block, Inc.",sp500_wikipedia_20260612,2015-11-19
BNY,US,BNY Mellon,sp500_wikipedia_20260612,2011-06-13
BA,US,Boeing,sp500_wikipedia_20260612,2011-06-13
BKNG,US,Booking Holdings,sp500_wikipedia_20260612,2011-06-13
BSX,US,Boston Scientific,sp500_wikipedia_20260612,2011-06-13
BMY,US,Bristol Myers Squibb,sp500_wikipedia_20260612,2011-06-13
AVGO,US,Broadcom,sp500_wikipedia_20260612,2011-06-13
BR,US,Broadridge Financial Solutions,sp500_wikipedia_20260612,2011-06-13
BRO,US,Brown & Brown,sp500_wikipedia_20260612,2011-06-13
BF-B,US,Brown–Forman,sp500_wikipedia_20260612,2011-06-13
BLDR,US,Builders FirstSource,sp500_wikipedia_20260612,2011-06-13
BG,US,Bunge Global,sp500_wikipedia_20260612,2011-06-13
BXP,US,"BXP, Inc.",sp500_wikipedia_20260612,2011-06-13
CHRW,US,C.H. Robinson,sp500_wikipedia_20260612,2011-06-13
CDNS,US,Cadence Design Systems,sp500_wikipedia_20260612,2011-06-13
CPT,US,Camden Property Trust,sp500_wikipedia_20260612,2011-06-13
CPB,US,Campbell's Company (The),sp500_wikipedia_20260612,2011-06-13
COF,US,Capital One,sp500_wikipedia_20260612,2011-06-13
CAH,US,Cardinal Health,sp500_wikipedia_20260612,2011-06-13
CCL,US,Carnival Corporation,sp500_wikipedia_20260612,2011-06-13
CARR,US,Carrier Global,sp500_wikipedia_20260612,2020-03-19
CVNA,US,Carvana,sp500_wikipedia_20260612,2017-04-28
CASY,US,Casey's,sp500_wikipedia_20260612,2011-06-13
CAT,US,Caterpillar Inc.,sp500_wikipedia_20260612,2011-06-13
CBOE,US,Cboe Global Markets,sp500_wikipedia_20260612,2011-06-13
CBRE,US,CBRE Group,sp500_wikipedia_20260612,2011-06-13
CDW,US,CDW Corporation,sp500_wikipedia_20260612,2013-06-27
COR,US,Cencora,sp500_wikipedia_20260612,2011-06-13
CNC,US,Centene Corporation,sp500_wikipedia_20260612,2011-06-13
CNP,US,CenterPoint Energy,sp500_wikipedia_20260612,2011-06-13
CF,US,CF Industries,sp500_wikipedia_20260612,2011-06-13
CRL,US,Charles River Laboratories,sp500_wikipedia_20260612,2011-06-13
SCHW,US,Charles Schwab Corporation,sp500_wikipedia_20260612,2011-06-13
CHTR,US,Charter Communications,sp500_wikipedia_20260612,2011-06-13
CVX,US,Chevron Corporation,sp500_wikipedia_20260612,2011-06-13
CMG,US,Chipotle Mexican Grill,sp500_wikipedia_20260612,2011-06-13
CB,US,Chubb Limited,sp500_wikipedia_20260612,2011-06-13
CHD,US,Church & Dwight,sp500_wikipedia_20260612,2011-06-13
CIEN,US,Ciena,sp500_wikipedia_20260612,2011-06-13
CI,US,Cigna,sp500_wikipedia_20260612,2011-06-13
CINF,US,Cincinnati Financial,sp500_wikipedia_20260612,2011-06-13
CTAS,US,Cintas,sp500_wikipedia_20260612,2011-06-13
CSCO,US,Cisco,sp500_wikipedia_20260612,2011-06-13
C,US,Citigroup,sp500_wikipedia_20260612,2011-06-13
CFG,US,Citizens Financial Group,sp500_wikipedia_20260612,2014-09-24
CLX,US,Clorox,sp500_wikipedia_20260612,2011-06-13
CME,US,CME Group,sp500_wikipedia_20260612,2011-06-13
CMS,US,CMS Energy,sp500_wikipedia_20260612,2011-06-13
KO,US,Coca-Cola Company (The),sp500_wikipedia_20260612,2011-06-13
CTSH,US,Cognizant,sp500_wikipedia_20260612,2011-06-13
COHR,US,Coherent Corp.,sp500_wikipedia_20260612,2011-06-13
COIN,US,Coinbase,sp500_wikipedia_20260612,2021-04-14
CL,US,Colgate-Palmolive,sp500_wikipedia_20260612,2011-06-13
CMCSA,US,Comcast,sp500_wikipedia_20260612,2011-06-13
FIX,US,Comfort Systems USA,sp500_wikipedia_20260612,2011-06-13
CAG,US,Conagra Brands,sp500_wikipedia_20260612,2011-06-13
COP,US,ConocoPhillips,sp500_wikipedia_20260612,2011-06-13
ED,US,Consolidated Edison,sp500_wikipedia_20260612,2011-06-13
STZ,US,Constellation Brands,sp500_wikipedia_20260612,2011-06-13
CEG,US,Constellation Energy,sp500_wikipedia_20260612,2022-01-19
COO,US,Cooper Companies (The),sp500_wikipedia_20260612,2011-06-13
CPRT,US,Copart,sp500_wikipedia_20260612,2011-06-13
GLW,US,Corning Inc.,sp500_wikipedia_20260612,2011-06-13
CPAY,US,Corpay,sp500_wikipedia_20260612,2011-06-13
CTVA,US,Corteva,sp500_wikipedia_20260612,2019-05-24
CSGP,US,CoStar Group,sp500_wikipedia_20260612,2011-06-13
COST,US,Costco,sp500_wikipedia_20260612,2011-06-13
CRH,US,CRH plc,sp500_wikipedia_20260612,2011-06-13
CRWD,US,CrowdStrike,sp500_wikipedia_20260612,2019-06-12
CCI,US,Crown Castle,sp500_wikipedia_20260612,2011-06-13
CSX,US,CSX Corporation,sp500_wikipedia_20260612,2011-06-13
CMI,US,Cummins,sp500_wikipedia_20260612,2011-06-13
CVS,US,CVS Health,sp500_wikipedia_20260612,2011-06-13
DHR,US,Danaher Corporation,sp500_wikipedia_20260612,2011-06-13
DRI,US,Darden Restaurants,sp500_wikipedia_20260612,2011-06-13
DDOG,US,Datadog,sp500_wikipedia_20260612,2019-09-19
DVA,US,DaVita,sp500_wikipedia_20260612,2011-06-13
DECK,US,Deckers Brands,sp500_wikipedia_20260612,2011-06-13
DE,US,Deere & Company,sp500_wikipedia_20260612,2011-06-13
DELL,US,Dell Technologies,sp500_wikipedia_20260612,2016-08-17
DAL,US,Delta Air Lines,sp500_wikipedia_20260612,2011-06-13
DVN,US,Devon Energy,sp500_wikipedia_20260612,2011-06-13
DXCM,US,Dexcom,sp500_wikipedia_20260612,2011-06-13
FANG,US,Diamondback Energy,sp500_wikipedia_20260612,2012-10-12
DLR,US,Digital Realty,sp500_wikipedia_20260612,2011-06-13
DG,US,Dollar General,sp500_wikipedia_20260612,2011-06-13
DLTR,US,Dollar Tree,sp500_wikipedia_20260612,2011-06-13
D,US,Dominion Energy,sp500_wikipedia_20260612,2011-06-13
DPZ,US,Domino's,sp500_wikipedia_20260612,2011-06-13
DASH,US,DoorDash,sp500_wikipedia_20260612,2020-12-09
DOV,US,Dover Corporation,sp500_wikipedia_20260612,2011-06-13
DOW,US,Dow Inc.,sp500_wikipedia_20260612,2019-03-20
DHI,US,D. R. Horton,sp500_wikipedia_20260612,2011-06-13
DTE,US,DTE Energy,sp500_wikipedia_20260612,2011-06-13
DUK,US,Duke Energy,sp500_wikipedia_20260612,2011-06-13
DD,US,DuPont,sp500_wikipedia_20260612,2011-06-13
ETN,US,Eaton Corporation,sp500_wikipedia_20260612,2011-06-13
EBAY,US,eBay Inc.,sp500_wikipedia_20260612,2011-06-13
SATS,US,EchoStar,sp500_wikipedia_20260612,2011-06-13
ECL,US,Ecolab,sp500_wikipedia_20260612,2011-06-13
EIX,US,Edison International,sp500_wikipedia_20260612,2011-06-13
EW,US,Edwards Lifesciences,sp500_wikipedia_20260612,2011-06-13
EA,US,Electronic Arts,sp500_wikipedia_20260612,2011-06-13
ELV,US,Elevance Health,sp500_wikipedia_20260612,2011-06-13
EME,US,Emcor,sp500_wikipedia_20260612,2011-06-13
EMR,US,Emerson Electric,sp500_wikipedia_20260612,2011-06-13
ETR,US,Entergy,sp500_wikipedia_20260612,2011-06-13
EOG,US,EOG Resources,sp500_wikipedia_20260612,2011-06-13
EQT,US,EQT Corporation,sp500_wikipedia_20260612,2011-06-13
EFX,US,Equifax,sp500_wikipedia_20260612,2011-06-13
EQIX,US,Equinix,sp500_wikipedia_20260612,2011-06-13
EQR,US,Equity Residential,sp500_wikipedia_20260612,2011-06-13
ERIE,US,Erie Indemnity,sp500_wikipedia_20260612,2011-06-13
ESS,US,Essex Property Trust,sp500_wikipedia_20260612,2011-06-13
EL,US,Estée Lauder Companies (The),sp500_wikipedia_20260612,2011-06-13
EG,US,Everest Group,sp500_wikipedia_20260612,2011-06-13
EVRG,US,Evergy,sp500_wikipedia_20260612,2011-06-13
ES,US,Eversource Energy,sp500_wikipedia_20260612,2011-06-13
EXC,US,Exelon,sp500_wikipedia_20260612,2011-06-13
EXE,US,Expand Energy,sp500_wikipedia_20260612,2021-02-10
EXPE,US,Expedia Group,sp500_wikipedia_20260612,2011-06-13
EXPD,US,Expeditors International,sp500_wikipedia_20260612,2011-06-13
EXR,US,Extra Space Storage,sp500_wikipedia_20260612,2011-06-13
XOM,US,ExxonMobil,sp500_wikipedia_20260612,2011-06-13
FFIV,US,"F5, Inc.",sp500_wikipedia_20260612,2011-06-13
FDS,US,FactSet,sp500_wikipedia_20260612,2011-06-13
FICO,US,Fair Isaac,sp500_wikipedia_20260612,2011-06-13
FAST,US,Fastenal,sp500_wikipedia_20260612,2011-06-13
FRT,US,Federal Realty Investment Trust,sp500_wikipedia_20260612,2011-06-13
FDX,US,FedEx,sp500_wikipedia_20260612,2011-06-13
FDXF,US,FedEx Freight,sp500_wikipedia_20260612,
FIS,US,Fidelity National Information Services,sp500_wikipedia_20260612,2011-06-13
FITB,US,Fifth Third Bancorp,sp500_wikipedia_20260612,2011-06-13
FSLR,US,First Solar,sp500_wikipedia_20260612,2011-06-13
FE,US,FirstEnergy,sp500_wikipedia_20260612,2011-06-13
FISV,US,Fiserv,sp500_wikipedia_20260612,2011-06-13
F,US,Ford Motor Company,sp500_wikipedia_20260612,2011-06-13
FTNT,US,Fortinet,sp500_wikipedia_20260612,2011-06-13
FTV,US,Fortive,sp500_wikipedia_20260612,2016-07-05
FOXA,US,Fox Corporation (Class A),sp500_wikipedia_20260612,2019-03-12
FOX,US,Fox Corporation (Class B),sp500_wikipedia_20260612,2019-03-13
BEN,US,Franklin Resources,sp500_wikipedia_20260612,2011-06-13
FCX,US,Freeport-McMoRan,sp500_wikipedia_20260612,2011-06-13
GRMN,US,Garmin,sp500_wikipedia_20260612,2011-06-13
IT,US,Gartner,sp500_wikipedia_20260612,2011-06-13
GE,US,GE Aerospace,sp500_wikipedia_20260612,2011-06-13
GEHC,US,GE HealthCare,sp500_wikipedia_20260612,2022-12-15
GEV,US,GE Vernova,sp500_wikipedia_20260612,2024-03-27
GEN,US,Gen Digital,sp500_wikipedia_20260612,2011-06-13
GNRC,US,Generac,sp500_wikipedia_20260612,2011-06-13
GD,US,General Dynamics,sp500_wikipedia_20260612,2011-06-13
GIS,US,General Mills,sp500_wikipedia_20260612,2011-06-13
GM,US,General Motors,sp500_wikipedia_20260612,2011-06-13
GPC,US,Genuine Parts Company,sp500_wikipedia_20260612,2011-06-13
GILD,US,Gilead Sciences,sp500_wikipedia_20260612,2011-06-13
GPN,US,Global Payments,sp500_wikipedia_20260612,2011-06-13
GL,US,Globe Life,sp500_wikipedia_20260612,2011-06-13
GDDY,US,GoDaddy,sp500_wikipedia_20260612,2015-03-31
GS,US,Goldman Sachs,sp500_wikipedia_20260612,2011-06-13
HAL,US,Halliburton,sp500_wikipedia_20260612,2011-06-13
HIG,US,Hartford (The),sp500_wikipedia_20260612,2011-06-13
HAS,US,Hasbro,sp500_wikipedia_20260612,2011-06-13
HCA,US,HCA Healthcare,sp500_wikipedia_20260612,2011-06-13
DOC,US,Healthpeak Properties,sp500_wikipedia_20260612,2011-06-13
HSIC,US,Henry Schein,sp500_wikipedia_20260612,2011-06-13
HSY,US,Hershey Company (The),sp500_wikipedia_20260612,2011-06-13
HPE,US,Hewlett Packard Enterprise,sp500_wikipedia_20260612,2015-10-19
HLT,US,Hilton Worldwide,sp500_wikipedia_20260612,2013-12-12
HD,US,Home Depot (The),sp500_wikipedia_20260612,2011-06-13
HON,US,Honeywell,sp500_wikipedia_20260612,2011-06-13
HRL,US,Hormel Foods,sp500_wikipedia_20260612,2011-06-13
HST,US,Host Hotels & Resorts,sp500_wikipedia_20260612,2011-06-13
HWM,US,Howmet Aerospace,sp500_wikipedia_20260612,2016-11-01
HPQ,US,HP Inc.,sp500_wikipedia_20260612,2011-06-13
HUBB,US,Hubbell Incorporated,sp500_wikipedia_20260612,2011-06-13
HUM,US,Humana,sp500_wikipedia_20260612,2011-06-13
HBAN,US,Huntington Bancshares,sp500_wikipedia_20260612,2011-06-13
HII,US,Huntington Ingalls Industries,sp500_wikipedia_20260612,2011-06-13
IBM,US,IBM,sp500_wikipedia_20260612,2011-06-13
IEX,US,IDEX Corporation,sp500_wikipedia_20260612,2011-06-13
IDXX,US,Idexx Laboratories,sp500_wikipedia_20260612,2011-06-13
ITW,US,Illinois Tool Works,sp500_wikipedia_20260612,2011-06-13
INCY,US,Incyte,sp500_wikipedia_20260612,2011-06-13
IR,US,Ingersoll Rand,sp500_wikipedia_20260612,2017-05-12
PODD,US,Insulet Corporation,sp500_wikipedia_20260612,2011-06-13
INTC,US,Intel,sp500_wikipedia_20260612,2011-06-13
IBKR,US,Interactive Brokers,sp500_wikipedia_20260612,2011-06-13
ICE,US,Intercontinental Exchange,sp500_wikipedia_20260612,2011-06-13
IFF,US,International Flavors & Fragrances,sp500_wikipedia_20260612,2011-06-13
IP,US,International Paper,sp500_wikipedia_20260612,2011-06-13
INTU,US,Intuit,sp500_wikipedia_20260612,2011-06-13
ISRG,US,Intuitive Surgical,sp500_wikipedia_20260612,2011-06-13
IVZ,US,Invesco,sp500_wikipedia_20260612,2011-06-13
INVH,US,Invitation Homes,sp500_wikipedia_20260612,2017-02-01
IQV,US,IQVIA,sp500_wikipedia_20260612,2013-05-09
IRM,US,Iron Mountain,sp500_wikipedia_20260612,2011-06-13
JBHT,US,J.B. Hunt,sp500_wikipedia_20260612,2011-06-13
JBL,US,Jabil,sp500_wikipedia_20260612,2011-06-13
JKHY,US,Jack Henry & Associates,sp500_wikipedia_20260612,2011-06-13
J,US,Jacobs Solutions,sp500_wikipedia_20260612,2011-06-13
JNJ,US,Johnson & Johnson,sp500_wikipedia_20260612,2011-06-13
JCI,US,Johnson Controls,sp500_wikipedia_20260612,2011-06-13
JPM,US,JPMorgan Chase,sp500_wikipedia_20260612,2011-06-13
KVUE,US,Kenvue,sp500_wikipedia_20260612,2023-05-04
KDP,US,Keurig Dr Pepper,sp500_wikipedia_20260612,2011-06-13
KEY,US,KeyCorp,sp500_wikipedia_20260612,2011-06-13
KEYS,US,Keysight Technologies,sp500_wikipedia_20260612,2014-10-20
KMB,US,Kimberly-Clark,sp500_wikipedia_20260612,2011-06-13
KIM,US,Kimco Realty,sp500_wikipedia_20260612,2011-06-13
KMI,US,Kinder Morgan,sp500_wikipedia_20260612,2011-06-13
KKR,US,KKR & Co.,sp500_wikipedia_20260612,2011-06-13
KLAC,US,KLA Corporation,sp500_wikipedia_20260612,2011-06-13
KHC,US,Kraft Heinz,sp500_wikipedia_20260612,2015-07-06
KR,US,Kroger,sp500_wikipedia_20260612,2011-06-13
LHX,US,L3Harris,sp500_wikipedia_20260612,2011-06-13
LH,US,Labcorp,sp500_wikipedia_20260612,2011-06-13
LRCX,US,Lam Research,sp500_wikipedia_20260612,2011-06-13
LVS,US,Las Vegas Sands,sp500_wikipedia_20260612,2011-06-13
LDOS,US,Leidos,sp500_wikipedia_20260612,2011-06-13
LEN,US,Lennar,sp500_wikipedia_20260612,2011-06-13
LII,US,Lennox International,sp500_wikipedia_20260612,2011-06-13
LLY,US,Lilly (Eli),sp500_wikipedia_20260612,2011-06-13
LIN,US,Linde plc,sp500_wikipedia_20260612,2011-06-13
LYV,US,Live Nation Entertainment,sp500_wikipedia_20260612,2011-06-13
LMT,US,Lockheed Martin,sp500_wikipedia_20260612,2011-06-13
L,US,Loews Corporation,sp500_wikipedia_20260612,2011-06-13
LOW,US,Lowe's,sp500_wikipedia_20260612,2011-06-13
LULU,US,Lululemon Athletica,sp500_wikipedia_20260612,2011-06-13
LITE,US,Lumentum,sp500_wikipedia_20260612,2015-07-23
LYB,US,LyondellBasell,sp500_wikipedia_20260612,2011-06-13
MTB,US,M&T Bank,sp500_wikipedia_20260612,2011-06-13
MPC,US,Marathon Petroleum,sp500_wikipedia_20260612,2011-06-24
MAR,US,Marriott International,sp500_wikipedia_20260612,2011-06-13
MRSH,US,Marsh McLennan,sp500_wikipedia_20260612,2011-06-13
MLM,US,Martin Marietta Materials,sp500_wikipedia_20260612,2011-06-13
MAS,US,Masco,sp500_wikipedia_20260612,2011-06-13
MA,US,Mastercard,sp500_wikipedia_20260612,2011-06-13
MKC,US,McCormick & Company,sp500_wikipedia_20260612,2011-06-13
MCD,US,McDonald's,sp500_wikipedia_20260612,2011-06-13
MCK,US,McKesson Corporation,sp500_wikipedia_20260612,2011-06-13
MDT,US,Medtronic,sp500_wikipedia_20260612,2011-06-13
MRK,US,Merck & Co.,sp500_wikipedia_20260612,2011-06-13
META,US,Meta Platforms,sp500_wikipedia_20260612,2012-05-18
MET,US,MetLife,sp500_wikipedia_20260612,2011-06-13
MTD,US,Mettler Toledo,sp500_wikipedia_20260612,2011-06-13
MGM,US,MGM Resorts,sp500_wikipedia_20260612,2011-06-13
MCHP,US,Microchip Technology,sp500_wikipedia_20260612,2011-06-13
MU,US,Micron Technology,sp500_wikipedia_20260612,2011-06-13
MSFT,US,Microsoft,sp500_wikipedia_20260612,2011-06-13
MAA,US,Mid-America Apartment Communities,sp500_wikipedia_20260612,2011-06-13
MRNA,US,Moderna,sp500_wikipedia_20260612,2018-12-07
TAP,US,Molson Coors Beverage Company,sp500_wikipedia_20260612,2011-06-13
MDLZ,US,Mondelez International,sp500_wikipedia_20260612,2011-06-13
MPWR,US,Monolithic Power Systems,sp500_wikipedia_20260612,2011-06-13
MNST,US,Monster Beverage,sp500_wikipedia_20260612,2011-06-13
MCO,US,Moody's Corporation,sp500_wikipedia_20260612,2011-06-13
MS,US,Morgan Stanley,sp500_wikipedia_20260612,2011-06-13
MOS,US,Mosaic Company (The),sp500_wikipedia_20260612,2011-06-13
MSI,US,Motorola Solutions,sp500_wikipedia_20260612,2011-06-13
MSCI,US,MSCI Inc.,sp500_wikipedia_20260612,2011-06-13
NDAQ,US,"Nasdaq, Inc.",sp500_wikipedia_20260612,2011-06-13
NTAP,US,NetApp,sp500_wikipedia_20260612,2011-06-13
NFLX,US,Netflix,sp500_wikipedia_20260612,2011-06-13
NEM,US,Newmont,sp500_wikipedia_20260612,2011-06-13
NWSA,US,News Corp (Class A),sp500_wikipedia_20260612,2013-06-19
NWS,US,News Corp (Class B),sp500_wikipedia_20260612,2013-06-19
NEE,US,NextEra Energy,sp500_wikipedia_20260612,2011-06-13
NKE,US,"Nike, Inc.",sp500_wikipedia_20260612,2011-06-13
NI,US,NiSource,sp500_wikipedia_20260612,2011-06-13
NDSN,US,Nordson Corporation,sp500_wikipedia_20260612,2011-06-13
NSC,US,Norfolk Southern,sp500_wikipedia_20260612,2011-06-13
NTRS,US,Northern Trust,sp500_wikipedia_20260612,2011-06-13
NOC,US,Northrop Grumman,sp500_wikipedia_20260612,2011-06-13
NCLH,US,Norwegian Cruise Line Holdings,sp500_wikipedia_20260612,2013-01-18
NRG,US,NRG Energy,sp500_wikipedia_20260612,2011-06-13
NUE,US,Nucor,sp500_wikipedia_20260612,2011-06-13
NVDA,US,Nvidia,sp500_wikipedia_20260612,2011-06-13
NVR,US,"NVR, Inc.",sp500_wikipedia_20260612,2011-06-13
NXPI,US,NXP Semiconductors,sp500_wikipedia_20260612,2011-06-13
ORLY,US,O’Reilly Automotive,sp500_wikipedia_20260612,2011-06-13
OXY,US,Occidental Petroleum,sp500_wikipedia_20260612,2011-06-13
ODFL,US,Old Dominion,sp500_wikipedia_20260612,2011-06-13
OMC,US,Omnicom Group,sp500_wikipedia_20260612,2011-06-13
ON,US,ON Semiconductor,sp500_wikipedia_20260612,2011-06-13
OKE,US,Oneok,sp500_wikipedia_20260612,2011-06-13
ORCL,US,Oracle Corporation,sp500_wikipedia_20260612,2011-06-13
OTIS,US,Otis Worldwide,sp500_wikipedia_20260612,2020-03-19
PCAR,US,Paccar,sp500_wikipedia_20260612,2011-06-13
PKG,US,Packaging Corporation of America,sp500_wikipedia_20260612,2011-06-13
PLTR,US,Palantir Technologies,sp500_wikipedia_20260612,2020-09-30
PANW,US,Palo Alto Networks,sp500_wikipedia_20260612,2012-07-20
PSKY,US,Paramount Skydance Corporation,sp500_wikipedia_20260612,2011-06-13
PH,US,Parker Hannifin,sp500_wikipedia_20260612,2011-06-13
PAYX,US,Paychex,sp500_wikipedia_20260612,2011-06-13
PYPL,US,PayPal,sp500_wikipedia_20260612,2015-07-06
PNR,US,Pentair,sp500_wikipedia_20260612,2011-06-13
PEP,US,PepsiCo,sp500_wikipedia_20260612,2011-06-13
PFE,US,Pfizer,sp500_wikipedia_20260612,2011-06-13
PCG,US,PG&E Corporation,sp500_wikipedia_20260612,2011-06-13
PM,US,Philip Morris International,sp500_wikipedia_20260612,2011-06-13
PSX,US,Phillips 66,sp500_wikipedia_20260612,2012-04-12
PNW,US,Pinnacle West Capital,sp500_wikipedia_20260612,2011-06-13
PNC,US,PNC Financial Services,sp500_wikipedia_20260612,2011-06-13
POOL,US,Pool Corporation,sp500_wikipedia_20260612,2011-06-13
PPG,US,PPG Industries,sp500_wikipedia_20260612,2011-06-13
PPL,US,PPL Corporation,sp500_wikipedia_20260612,2011-06-13
PFG,US,Principal Financial Group,sp500_wikipedia_20260612,2011-06-13
PG,US,Procter & Gamble,sp500_wikipedia_20260612,2011-06-13
PGR,US,Progressive Corporation,sp500_wikipedia_20260612,2011-06-13
PLD,US,Prologis,sp500_wikipedia_20260612,2011-06-13
PRU,US,Prudential Financial,sp500_wikipedia_20260612,2011-06-13
PEG,US,Public Service Enterprise Group,sp500_wikipedia_20260612,2011-06-13
PTC,US,PTC Inc.,sp500_wikipedia_20260612,2011-06-13
PSA,US,Public Storage,sp500_wikipedia_20260612,2011-06-13
PHM,US,PulteGroup,sp500_wikipedia_20260612,2011-06-13
PWR,US,Quanta Services,sp500_wikipedia_20260612,2011-06-13
QCOM,US,Qualcomm,sp500_wikipedia_20260612,2011-06-13
DGX,US,Quest Diagnostics,sp500_wikipedia_20260612,2011-06-13
Q,US,Qnity Electronics,sp500_wikipedia_20260612,2025-10-27
RL,US,Ralph Lauren Corporation,sp500_wikipedia_20260612,2011-06-13
RJF,US,Raymond James Financial,sp500_wikipedia_20260612,2011-06-13
RTX,US,RTX Corporation,sp500_wikipedia_20260612,2011-06-13
O,US,Realty Income,sp500_wikipedia_20260612,2011-06-13
REG,US,Regency Centers,sp500_wikipedia_20260612,2011-06-13
REGN,US,Regeneron Pharmaceuticals,sp500_wikipedia_20260612,2011-06-13
RF,US,Regions Financial Corporation,sp500_wikipedia_20260612,2011-06-13
RSG,US,Republic Services,sp500_wikipedia_20260612,2011-06-13
RMD,US,ResMed,sp500_wikipedia_20260612,2011-06-13
RVTY,US,Revvity,sp500_wikipedia_20260612,2011-06-13
HOOD,US,Robinhood Markets,sp500_wikipedia_20260612,2021-07-29
ROK,US,Rockwell Automation,sp500_wikipedia_20260612,2011-06-13
ROL,US,"Rollins, Inc.",sp500_wikipedia_20260612,2011-06-13
ROP,US,Roper Technologies,sp500_wikipedia_20260612,2011-06-13
ROST,US,Ross Stores,sp500_wikipedia_20260612,2011-06-13
RCL,US,Royal Caribbean Group,sp500_wikipedia_20260612,2011-06-13
SPGI,US,S&P Global,sp500_wikipedia_20260612,2011-06-13
CRM,US,Salesforce,sp500_wikipedia_20260612,2011-06-13
SNDK,US,Sandisk,sp500_wikipedia_20260612,2025-02-13
SBAC,US,SBA Communications,sp500_wikipedia_20260612,2011-06-13
SLB,US,Schlumberger,sp500_wikipedia_20260612,2011-06-13
STX,US,Seagate Technology,sp500_wikipedia_20260612,2011-06-13
SRE,US,Sempra,sp500_wikipedia_20260612,2011-06-13
NOW,US,ServiceNow,sp500_wikipedia_20260612,2012-06-29
SHW,US,Sherwin-Williams,sp500_wikipedia_20260612,2011-06-13
SPG,US,Simon Property Group,sp500_wikipedia_20260612,2011-06-13
SWKS,US,Skyworks Solutions,sp500_wikipedia_20260612,2011-06-13
SJM,US,J.M. Smucker Company (The),sp500_wikipedia_20260612,2011-06-13
SW,US,Smurfit Westrock,sp500_wikipedia_20260612,2011-06-13
SNA,US,Snap-on,sp500_wikipedia_20260612,2011-06-13
SOLV,US,Solventum,sp500_wikipedia_20260612,2024-03-26
SO,US,Southern Company,sp500_wikipedia_20260612,2011-06-13
LUV,US,Southwest Airlines,sp500_wikipedia_20260612,2011-06-13
SWK,US,Stanley Black & Decker,sp500_wikipedia_20260612,2011-06-13
SBUX,US,Starbucks,sp500_wikipedia_20260612,2011-06-13
STT,US,State Street Corporation,sp500_wikipedia_20260612,2011-06-13
STLD,US,Steel Dynamics,sp500_wikipedia_20260612,2011-06-13
STE,US,Steris,sp500_wikipedia_20260612,2011-06-13
SYK,US,Stryker Corporation,sp500_wikipedia_20260612,2011-06-13
SMCI,US,Supermicro,sp500_wikipedia_20260612,2011-06-13
SYF,US,Synchrony Financial,sp500_wikipedia_20260612,2014-07-31
SNPS,US,Synopsys,sp500_wikipedia_20260612,2011-06-13
SYY,US,Sysco,sp500_wikipedia_20260612,2011-06-13
TMUS,US,T-Mobile US,sp500_wikipedia_20260612,2011-06-13
TROW,US,T. Rowe Price,sp500_wikipedia_20260612,2011-06-13
TTWO,US,Take-Two Interactive,sp500_wikipedia_20260612,2011-06-13
TPR,US,"Tapestry, Inc.",sp500_wikipedia_20260612,2011-06-13
TRGP,US,Targa Resources,sp500_wikipedia_20260612,2011-06-13
TGT,US,Target Corporation,sp500_wikipedia_20260612,2011-06-13
TEL,US,TE Connectivity,sp500_wikipedia_20260612,2011-06-13
TDY,US,Teledyne Technologies,sp500_wikipedia_20260612,2011-06-13
TER,US,Teradyne,sp500_wikipedia_20260612,2011-06-13
TSLA,US,"Tesla, Inc.",sp500_wikipedia_20260612,2011-06-13
TXN,US,Texas Instruments,sp500_wikipedia_20260612,2011-06-13
TPL,US,Texas Pacific Land Corporation,sp500_wikipedia_20260612,2011-06-13
TXT,US,Textron,sp500_wikipedia_20260612,2011-06-13
TMO,US,Thermo Fisher Scientific,sp500_wikipedia_20260612,2011-06-13
TJX,US,TJX Companies,sp500_wikipedia_20260612,2011-06-13
TKO,US,TKO Group Holdings,sp500_wikipedia_20260612,2011-06-13
TTD,US,Trade Desk (The),sp500_wikipedia_20260612,2016-09-21
TSCO,US,Tractor Supply,sp500_wikipedia_20260612,2011-06-13
TT,US,Trane Technologies,sp500_wikipedia_20260612,2011-06-13
TDG,US,TransDigm Group,sp500_wikipedia_20260612,2011-06-13
TRV,US,Travelers Companies (The),sp500_wikipedia_20260612,2011-06-13
TRMB,US,Trimble Inc.,sp500_wikipedia_20260612,2011-06-13
TFC,US,Truist Financial,sp500_wikipedia_20260612,2011-06-13
TYL,US,Tyler Technologies,sp500_wikipedia_20260612,2011-06-13
TSN,US,Tyson Foods,sp500_wikipedia_20260612,2011-06-13
USB,US,U.S. Bancorp,sp500_wikipedia_20260612,2011-06-13
UBER,US,Uber,sp500_wikipedia_20260612,2019-05-10
UDR,US,"UDR, Inc.",sp500_wikipedia_20260612,2011-06-13
ULTA,US,Ulta Beauty,sp500_wikipedia_20260612,2011-06-13
UNP,US,Union Pacific Corporation,sp500_wikipedia_20260612,2011-06-13
UAL,US,United Airlines Holdings,sp500_wikipedia_20260612,2011-06-13
UPS,US,United Parcel Service,sp500_wikipedia_20260612,2011-06-13
URI,US,United Rentals,sp500_wikipedia_20260612,2011-06-13
UNH,US,UnitedHealth Group,sp500_wikipedia_20260612,2011-06-13
UHS,US,Universal Health Services,sp500_wikipedia_20260612,2011-06-13
VLO,US,Valero Energy,sp500_wikipedia_20260612,2011-06-13
VEEV,US,Veeva Systems,sp500_wikipedia_20260612,2013-10-16
VTR,US,Ventas,sp500_wikipedia_20260612,2011-06-13
VLTO,US,Veralto,sp500_wikipedia_20260612,2023-10-04
VRSN,US,Verisign,sp500_wikipedia_20260612,2011-06-13
VRSK,US,Verisk Analytics,sp500_wikipedia_20260612,2011-06-13
VZ,US,Verizon,sp500_wikipedia_20260612,2011-06-13
VRTX,US,Vertex Pharmaceuticals,sp500_wikipedia_20260612,2011-06-13
VRT,US,Vertiv,sp500_wikipedia_20260612,2018-08-02
VTRS,US,Viatris,sp500_wikipedia_20260612,2011-06-13
VICI,US,Vici Properties,sp500_wikipedia_20260612,2018-01-02
V,US,Visa Inc.,sp500_wikipedia_20260612,2011-06-13
VST,US,Vistra Corp.,sp500_wikipedia_20260612,2016-10-05
VMC,US,Vulcan Materials Company,sp500_wikipedia_20260612,2011-06-13
WRB,US,W. R. Berkley Corporation,sp500_wikipedia_20260612,2011-06-13
GWW,US,W. W. Grainger,sp500_wikipedia_20260612,2011-06-13
WAB,US,Wabtec,sp500_wikipedia_20260612,2011-06-13
WMT,US,Walmart,sp500_wikipedia_20260612,2011-06-13
DIS,US,Walt Disney Company (The),sp500_wikipedia_20260612,2011-06-13
WBD,US,Warner Bros. Discovery,sp500_wikipedia_20260612,2011-06-13
WM,US,Waste Management,sp500_wikipedia_20260612,2011-06-13
WAT,US,Waters Corporation,sp500_wikipedia_20260612,2011-06-13
WEC,US,WEC Energy Group,sp500_wikipedia_20260612,2011-06-13
WFC,US,Wells Fargo,sp500_wikipedia_20260612,2011-06-13
WELL,US,Welltower,sp500_wikipedia_20260612,2011-06-13
WST,US,West Pharmaceutical Services,sp500_wikipedia_20260612,2011-06-13
WDC,US,Western Digital,sp500_wikipedia_20260612,2011-06-13
WY,US,Weyerhaeuser,sp500_wikipedia_20260612,2011-06-13
WSM,US,"Williams-Sonoma, Inc.",sp500_wikipedia_20260612,2011-06-13
WMB,US,Williams Companies,sp500_wikipedia_20260612,2011-06-13
WTW,US,Willis Towers Watson,sp500_wikipedia_20260612,2011-06-13
WDAY,US,"Workday, Inc.",sp500_wikipedia_20260612,2012-10-12
WYNN,US,Wynn Resorts,sp500_wikipedia_20260612,2011-06-13
XEL,US,Xcel Energy,sp500_wikipedia_20260612,2011-06-13
XYL,US,Xylem Inc.,sp500_wikipedia_20260612,2011-10-13
YUM,US,Yum! Brands,sp500_wikipedia_20260612,2011-06-13
ZBRA,US,Zebra Technologies,sp500_wikipedia_20260612,2011-06-13
ZBH,US,Zimmer Biomet,sp500_wikipedia_20260612,2011-06-13
ZTS,US,Zoetis,sp500_wikipedia_20260612,2013-02-01
